{"cameraMode":{"drawMode":0,"name":"Shaded","section":"Shading Mode"},"sceneLighting":false,"audioPlay":false,"sceneViewState":{"showFog":true,"showMaterialUpdate":false,"showSkybox":true,"showFlares":true,"showImageEffects":true,"showParticleSystems":true},"in2DMode":false,"pivot":{"x":-0.3347000479698181,"y":0.01375654712319374,"z":-0.08094620704650879},"rotation":{"x":0.01584767736494541,"y":0.7190988659858704,"z":-0.01641298085451126,"w":0.6945331692695618},"size":0.9819648861885071,"orthographic":false}