{"cameraMode":{"drawMode":0,"name":"Shaded","section":"Shading Mode"},"sceneLighting":true,"audioPlay":false,"sceneViewState":{"showFog":false,"showMaterialUpdate":false,"showSkybox":false,"showFlares":false,"showImageEffects":false,"showParticleSystems":false},"in2DMode":false,"pivot":{"x":285.80389404296877,"y":28.41473960876465,"z":-221.6259307861328},"rotation":{"x":0.13168565928936006,"y":0.04883769154548645,"z":0.006497178692370653,"w":-0.9900664687156677},"size":7.193207740783691,"orthographic":false}