{"cameraMode":{"drawMode":0,"name":"Shaded","section":"Shading Mode"},"sceneLighting":false,"audioPlay":false,"sceneViewState":{"showFog":true,"showMaterialUpdate":false,"showSkybox":true,"showFlares":true,"showImageEffects":true,"showParticleSystems":true},"in2DMode":false,"pivot":{"x":1.8804068565368653,"y":0.47931718826293948,"z":-0.03941628336906433},"rotation":{"x":0.022022107616066934,"y":-0.7333711981773377,"z":0.02378157339990139,"w":0.679055392742157},"size":5.122209072113037,"orthographic":false}