{"cameraMode":{"drawMode":0,"name":"Shaded","section":"Shading Mode"},"sceneLighting":true,"audioPlay":false,"sceneViewState":{"showFog":false,"showMaterialUpdate":false,"showSkybox":false,"showFlares":false,"showImageEffects":false,"showParticleSystems":false},"in2DMode":false,"pivot":{"x":-233.30764770507813,"y":140.6651611328125,"z":112.15670013427735},"rotation":{"x":0.1381986141204834,"y":0.8424376249313355,"z":-0.25706571340560915,"w":0.4528988003730774},"size":230.41317749023438,"orthographic":false}