{"cameraMode":{"drawMode":0,"name":"Shaded","section":"Shading Mode"},"sceneLighting":false,"audioPlay":false,"sceneViewState":{"showFog":true,"showMaterialUpdate":false,"showSkybox":true,"showFlares":true,"showImageEffects":true,"showParticleSystems":true},"in2DMode":false,"pivot":{"x":1.744168758392334,"y":0.23088714480400086,"z":-0.5972850322723389},"rotation":{"x":0.06414981931447983,"y":-0.436848908662796,"z":0.031250618398189548,"w":0.8967002034187317},"size":4.678559303283691,"orthographic":false}