{"cameraMode":{"drawMode":0,"name":"Shaded","section":"Shading Mode"},"sceneLighting":false,"audioPlay":false,"sceneViewState":{"showFog":true,"showMaterialUpdate":false,"showSkybox":true,"showFlares":true,"showImageEffects":true,"showParticleSystems":true},"in2DMode":false,"pivot":{"x":-9.41464614868164,"y":1.2326817512512208,"z":2.115891456604004},"rotation":{"x":0.32479146122932436,"y":-0.028193417936563493,"z":0.009684816934168339,"w":0.9453157186508179},"size":10.390674591064454,"orthographic":false}