{"cameraMode":{"drawMode":0,"name":"Shaded","section":"Shading Mode"},"sceneLighting":false,"audioPlay":false,"sceneViewState":{"showFog":true,"showMaterialUpdate":false,"showSkybox":true,"showFlares":true,"showImageEffects":true,"showParticleSystems":true},"in2DMode":false,"pivot":{"x":-10.114836692810059,"y":-0.6556641459465027,"z":9.148680686950684},"rotation":{"x":0.22523890435695649,"y":-0.11931014806032181,"z":0.027800826355814935,"w":0.9665710926055908},"size":10.390674591064454,"orthographic":false}