{"cameraMode":{"drawMode":0,"name":"Shaded","section":"Shading Mode"},"sceneLighting":false,"audioPlay":false,"sceneViewState":{"showFog":true,"showMaterialUpdate":false,"showSkybox":true,"showFlares":true,"showImageEffects":true,"showParticleSystems":true},"in2DMode":false,"pivot":{"x":-1.6561084985733033,"y":0.4067402482032776,"z":0.8583376407623291},"rotation":{"x":0.055392514914274219,"y":0.5171400904655457,"z":-0.033566880971193317,"w":0.8534466624259949},"size":2.0073184967041017,"orthographic":false}