{"cameraMode":{"drawMode":0,"name":"Shaded","section":"Shading Mode"},"sceneLighting":true,"audioPlay":false,"sceneViewState":{"showFog":false,"showMaterialUpdate":false,"showSkybox":false,"showFlares":false,"showImageEffects":false,"showParticleSystems":false},"in2DMode":false,"pivot":{"x":166.83712768554688,"y":61.18923568725586,"z":-57.196537017822269},"rotation":{"x":0.022011825814843179,"y":0.2490720897912979,"z":0.005663928110152483,"w":-0.9682182669639587},"size":7.193207740783691,"orthographic":false}