{"cameraMode":{"drawMode":0,"name":"Shaded","section":"Shading Mode"},"sceneLighting":false,"audioPlay":false,"sceneViewState":{"showFog":true,"showMaterialUpdate":false,"showSkybox":true,"showFlares":true,"showImageEffects":true,"showParticleSystems":true},"in2DMode":false,"pivot":{"x":-2.302398204803467,"y":3.02583384513855,"z":3.985403060913086},"rotation":{"x":0.3398444950580597,"y":0.6493233442306519,"z":-0.40206319093704226,"w":0.5488443970680237},"size":0.03485226631164551,"orthographic":false}