{"cameraMode":{"drawMode":0,"name":"Shaded","section":"Shading Mode"},"sceneLighting":false,"audioPlay":false,"sceneViewState":{"showFog":true,"showMaterialUpdate":false,"showSkybox":true,"showFlares":true,"showImageEffects":true,"showParticleSystems":true},"in2DMode":false,"pivot":{"x":0.6969121694564819,"y":-0.05459022521972656,"z":0.716954231262207},"rotation":{"x":0.07882893085479737,"y":0.01312450785189867,"z":-0.0010392465628683568,"w":0.9968012571334839},"size":5.122209072113037,"orthographic":false}