{"cameraMode":{"drawMode":0,"name":"Shaded","section":"Shading Mode"},"sceneLighting":false,"audioPlay":false,"sceneViewState":{"showFog":true,"showMaterialUpdate":false,"showSkybox":true,"showFlares":true,"showImageEffects":true,"showParticleSystems":true},"in2DMode":false,"pivot":{"x":-0.24204117059707642,"y":0.017768878489732744,"z":-0.48147884011268618},"rotation":{"x":0.018152756616473199,"y":0.710660994052887,"z":-0.018353702500462533,"w":0.7030609250068665},"size":0.9819648861885071,"orthographic":false}