{"cameraMode":{"drawMode":0,"name":"Shaded","section":"Shading Mode"},"sceneLighting":false,"audioPlay":false,"sceneViewState":{"showFog":true,"showMaterialUpdate":false,"showSkybox":true,"showFlares":true,"showImageEffects":true,"showParticleSystems":true},"in2DMode":false,"pivot":{"x":-1.2690141201019288,"y":0.16872817277908326,"z":0.35168182849884035},"rotation":{"x":0.0259703379124403,"y":-0.5421767830848694,"z":0.01676698587834835,"w":0.8396956324577332},"size":4.678559303283691,"orthographic":false}